code,기업명,최근10분기 범위별 잔고점,분기단독 신규수주점,잔고QoQ점,미확보 상태
000100,유한양행,8,0,7,추가 공식 IR 조사 필요; 미공개로 단정하지 않음
000150,두산,7,0,6,추가 공식 IR 조사 필요; 미공개로 단정하지 않음
000210,DL,3,0,0,추가 공식 IR 조사 필요; 미공개로 단정하지 않음
000500,가온전선,10,0,9,추가 공식 IR 조사 필요; 미공개로 단정하지 않음
000670,영풍,10,0,9,추가 공식 IR 조사 필요; 미공개로 단정하지 않음
000680,LS네트웍스,6,0,5,추가 공식 IR 조사 필요; 미공개로 단정하지 않음
000720,현대건설,4,0,3,추가 공식 IR 조사 필요; 미공개로 단정하지 않음
000880,한화,10,0,7,추가 공식 IR 조사 필요; 미공개로 단정하지 않음
000970,한국주철관공업,10,0,9,추가 공식 IR 조사 필요; 미공개로 단정하지 않음
001210,금호전기,7,0,5,추가 공식 IR 조사 필요; 미공개로 단정하지 않음
001250,GS글로벌,10,0,9,추가 공식 IR 조사 필요; 미공개로 단정하지 않음
001340,PKC,1,0,0,추가 공식 IR 조사 필요; 미공개로 단정하지 않음
001390,KG케미칼,9,0,4,추가 공식 IR 조사 필요; 미공개로 단정하지 않음
001440,대한전선,10,0,8,추가 공식 IR 조사 필요; 미공개로 단정하지 않음
001520,동양,20,0,18,추가 공식 IR 조사 필요; 미공개로 단정하지 않음
001530,디아이동일,1,0,0,추가 공식 IR 조사 필요; 미공개로 단정하지 않음
001780,알루코,22,0,7,추가 공식 IR 조사 필요; 미공개로 단정하지 않음
001820,삼화콘덴서공업,10,0,9,추가 공식 IR 조사 필요; 미공개로 단정하지 않음
002100,경농,18,0,12,추가 공식 IR 조사 필요; 미공개로 단정하지 않음
002150,도화엔지니어링,20,0,15,추가 공식 IR 조사 필요; 미공개로 단정하지 않음
002350,넥센타이어,10,0,8,추가 공식 IR 조사 필요; 미공개로 단정하지 않음
002380,케이씨씨,10,0,9,추가 공식 IR 조사 필요; 미공개로 단정하지 않음
002460,HS화성,10,0,8,추가 공식 IR 조사 필요; 미공개로 단정하지 않음
002990,금호건설,10,0,9,추가 공식 IR 조사 필요; 미공개로 단정하지 않음
003010,혜인,4,0,3,추가 공식 IR 조사 필요; 미공개로 단정하지 않음
003070,코오롱글로벌,10,0,9,추가 공식 IR 조사 필요; 미공개로 단정하지 않음
003160,디아이,9,0,7,추가 공식 IR 조사 필요; 미공개로 단정하지 않음
003300,한일홀딩스,7,0,5,추가 공식 IR 조사 필요; 미공개로 단정하지 않음
003490,대한항공,6,0,3,추가 공식 IR 조사 필요; 미공개로 단정하지 않음
003670,포스코퓨처엠,10,0,9,추가 공식 IR 조사 필요; 미공개로 단정하지 않음
003720,삼영,4,0,3,추가 공식 IR 조사 필요; 미공개로 단정하지 않음
004690,삼천리,9,0,7,추가 공식 IR 조사 필요; 미공개로 단정하지 않음
004960,한신공영,20,0,14,추가 공식 IR 조사 필요; 미공개로 단정하지 않음
005070,코스모신소재,5,0,4,추가 공식 IR 조사 필요; 미공개로 단정하지 않음
005090,SGC에너지,13,0,10,추가 공식 IR 조사 필요; 미공개로 단정하지 않음
005160,동국산업,10,0,5,추가 공식 IR 조사 필요; 미공개로 단정하지 않음
005380,현대자동차,10,0,6,추가 공식 IR 조사 필요; 미공개로 단정하지 않음
005420,코스모화학,5,0,4,추가 공식 IR 조사 필요; 미공개로 단정하지 않음
005490,POSCO홀딩스,32,0,20,추가 공식 IR 조사 필요; 미공개로 단정하지 않음
005720,넥센,10,0,9,추가 공식 IR 조사 필요; 미공개로 단정하지 않음
005950,이수화학,20,0,17,추가 공식 IR 조사 필요; 미공개로 단정하지 않음
005960,동부건설,20,0,18,추가 공식 IR 조사 필요; 미공개로 단정하지 않음
006340,대원전선,9,0,7,추가 공식 IR 조사 필요; 미공개로 단정하지 않음
006360,GS건설,24,0,15,추가 공식 IR 조사 필요; 미공개로 단정하지 않음
007660,이수페타시스,9,0,8,추가 공식 IR 조사 필요; 미공개로 단정하지 않음
007810,코리아써키트,10,0,9,추가 공식 IR 조사 필요; 미공개로 단정하지 않음
008350,남선알미늄,5,0,3,추가 공식 IR 조사 필요; 미공개로 단정하지 않음
008970,KBI동양철관,20,0,18,추가 공식 IR 조사 필요; 미공개로 단정하지 않음
009160,SIMPAC,20,0,18,추가 공식 IR 조사 필요; 미공개로 단정하지 않음
009240,한샘,10,0,9,추가 공식 IR 조사 필요; 미공개로 단정하지 않음
009270,신원,8,0,5,추가 공식 IR 조사 필요; 미공개로 단정하지 않음
009470,삼화전기,40,0,36,추가 공식 IR 조사 필요; 미공개로 단정하지 않음
010120,엘에스일렉트릭,59,56,47,확보 분기만 검증; 모든 분기 확보 아님
010130,고려아연,38,0,27,추가 공식 IR 조사 필요; 미공개로 단정하지 않음
010140,삼성중공업,10,0,9,추가 공식 IR 조사 필요; 미공개로 단정하지 않음
010170,대한광통신,10,0,9,추가 공식 IR 조사 필요; 미공개로 단정하지 않음
010780,아이에스동서,10,0,9,추가 공식 IR 조사 필요; 미공개로 단정하지 않음
010820,퍼스텍,10,0,9,추가 공식 IR 조사 필요; 미공개로 단정하지 않음
011210,현대위아,10,0,9,추가 공식 IR 조사 필요; 미공개로 단정하지 않음
011560,세보엠이씨,32,0,1,추가 공식 IR 조사 필요; 미공개로 단정하지 않음
011760,현대코퍼레이션,10,0,9,추가 공식 IR 조사 필요; 미공개로 단정하지 않음
011930,신성이엔지,23,0,12,추가 공식 IR 조사 필요; 미공개로 단정하지 않음
012030,DB,13,0,11,추가 공식 IR 조사 필요; 미공개로 단정하지 않음
012450,한화에어로스페이스,10,0,9,추가 공식 IR 조사 필요; 미공개로 단정하지 않음
013120,동원개발,10,0,9,추가 공식 IR 조사 필요; 미공개로 단정하지 않음
013580,계룡건설산업,20,0,18,추가 공식 IR 조사 필요; 미공개로 단정하지 않음
013700,까뮤이앤씨,10,0,7,추가 공식 IR 조사 필요; 미공개로 단정하지 않음
014280,금강공업,10,0,9,추가 공식 IR 조사 필요; 미공개로 단정하지 않음
014790,HL D&I,10,0,9,추가 공식 IR 조사 필요; 미공개로 단정하지 않음
014940,오리엔탈정공,10,0,9,추가 공식 IR 조사 필요; 미공개로 단정하지 않음
015230,대창단조,10,0,9,추가 공식 IR 조사 필요; 미공개로 단정하지 않음
015360,INVENI,2,0,1,추가 공식 IR 조사 필요; 미공개로 단정하지 않음
015590,DKME,10,0,4,추가 공식 IR 조사 필요; 미공개로 단정하지 않음
015760,한국전력공사,63,0,43,추가 공식 IR 조사 필요; 미공개로 단정하지 않음
016380,KG스틸,10,0,9,추가 공식 IR 조사 필요; 미공개로 단정하지 않음
017510,세명전기,10,0,9,추가 공식 IR 조사 필요; 미공개로 단정하지 않음
017550,수산세보틱스,10,0,9,추가 공식 IR 조사 필요; 미공개로 단정하지 않음
017800,현대엘리베이터,10,0,9,추가 공식 IR 조사 필요; 미공개로 단정하지 않음
017960,한국카본,10,0,5,추가 공식 IR 조사 필요; 미공개로 단정하지 않음
018000,유니슨,10,0,9,추가 공식 IR 조사 필요; 미공개로 단정하지 않음
018260,삼성에스디에스,10,0,9,추가 공식 IR 조사 필요; 미공개로 단정하지 않음
018290,브이티,2,0,1,추가 공식 IR 조사 필요; 미공개로 단정하지 않음
018310,삼목에스폼,10,0,9,추가 공식 IR 조사 필요; 미공개로 단정하지 않음
020150,롯데에너지머티리얼즈,20,0,16,추가 공식 IR 조사 필요; 미공개로 단정하지 않음
020560,아시아나항공,10,0,6,추가 공식 IR 조사 필요; 미공개로 단정하지 않음
022100,포스코DX,10,0,9,추가 공식 IR 조사 필요; 미공개로 단정하지 않음
023590,다우기술,14,0,9,추가 공식 IR 조사 필요; 미공개로 단정하지 않음
024850,HLB이노베이션,10,0,8,추가 공식 IR 조사 필요; 미공개로 단정하지 않음
025320,시노펙스,5,0,3,추가 공식 IR 조사 필요; 미공개로 단정하지 않음
025560,미래산업,1,0,0,추가 공식 IR 조사 필요; 미공개로 단정하지 않음
025820,이구산업,10,0,9,추가 공식 IR 조사 필요; 미공개로 단정하지 않음
025860,남해화학,7,0,6,추가 공식 IR 조사 필요; 미공개로 단정하지 않음
028050,삼성E&A,10,0,9,추가 공식 IR 조사 필요; 미공개로 단정하지 않음
028100,동아지질,10,0,9,추가 공식 IR 조사 필요; 미공개로 단정하지 않음
028260,삼성물산,20,0,18,추가 공식 IR 조사 필요; 미공개로 단정하지 않음
028300,HLB,10,0,9,추가 공식 IR 조사 필요; 미공개로 단정하지 않음
030190,NICE평가정보,10,0,9,추가 공식 IR 조사 필요; 미공개로 단정하지 않음
030200,케이티,22,0,19,추가 공식 IR 조사 필요; 미공개로 단정하지 않음
030530,원익홀딩스,20,0,16,추가 공식 IR 조사 필요; 미공개로 단정하지 않음
032190,다우데이타,14,0,9,추가 공식 IR 조사 필요; 미공개로 단정하지 않음
032580,피델릭스,11,0,9,추가 공식 IR 조사 필요; 미공개로 단정하지 않음
032640,LG유플러스,1,0,0,추가 공식 IR 조사 필요; 미공개로 단정하지 않음
032820,우리기술,9,0,7,추가 공식 IR 조사 필요; 미공개로 단정하지 않음
033100,제룡전기,10,0,9,추가 공식 IR 조사 필요; 미공개로 단정하지 않음
033270,유나이티드,10,0,9,추가 공식 IR 조사 필요; 미공개로 단정하지 않음
033500,동성화인텍,10,0,9,추가 공식 IR 조사 필요; 미공개로 단정하지 않음
034020,두산에너빌리티,2,2,1,확보 분기만 검증; 모든 분기 확보 아님
034310,NICE,10,0,8,추가 공식 IR 조사 필요; 미공개로 단정하지 않음
035150,백산,10,0,9,추가 공식 IR 조사 필요; 미공개로 단정하지 않음
035510,신세계I&C,10,0,9,추가 공식 IR 조사 필요; 미공개로 단정하지 않음
035890,서희건설,10,0,9,추가 공식 IR 조사 필요; 미공개로 단정하지 않음
036170,에이치엠넥스,10,0,9,추가 공식 IR 조사 필요; 미공개로 단정하지 않음
036190,금화피에스시,20,0,13,추가 공식 IR 조사 필요; 미공개로 단정하지 않음
036200,유니셈,10,0,9,추가 공식 IR 조사 필요; 미공개로 단정하지 않음
036460,한국가스공사,10,0,9,추가 공식 IR 조사 필요; 미공개로 단정하지 않음
036560,KZ정밀,10,0,9,추가 공식 IR 조사 필요; 미공개로 단정하지 않음
036710,심텍홀딩스,10,0,9,추가 공식 IR 조사 필요; 미공개로 단정하지 않음
036930,주성엔지니어링,10,0,9,추가 공식 IR 조사 필요; 미공개로 단정하지 않음
037350,성도이엔지,10,0,9,추가 공식 IR 조사 필요; 미공개로 단정하지 않음
037460,삼지전자,10,0,4,추가 공식 IR 조사 필요; 미공개로 단정하지 않음
038290,마크로젠,7,0,6,추가 공식 IR 조사 필요; 미공개로 단정하지 않음
038540,상상인,19,0,14,추가 공식 IR 조사 필요; 미공개로 단정하지 않음
039440,에스티아이,20,0,18,추가 공식 IR 조사 필요; 미공개로 단정하지 않음
039570,HDC랩스,10,0,8,추가 공식 IR 조사 필요; 미공개로 단정하지 않음
041440,현대에버다임,10,0,3,추가 공식 IR 조사 필요; 미공개로 단정하지 않음
041960,코미팜,10,0,9,추가 공식 IR 조사 필요; 미공개로 단정하지 않음
042500,링네트,10,0,9,추가 공식 IR 조사 필요; 미공개로 단정하지 않음
042660,한화오션,10,0,9,추가 공식 IR 조사 필요; 미공개로 단정하지 않음
044490,태웅,9,0,5,추가 공식 IR 조사 필요; 미공개로 단정하지 않음
045100,한양이엔지,10,0,9,추가 공식 IR 조사 필요; 미공개로 단정하지 않음
045390,대아티아이,20,0,17,추가 공식 IR 조사 필요; 미공개로 단정하지 않음
046120,오르비텍,30,0,27,추가 공식 IR 조사 필요; 미공개로 단정하지 않음
047040,대우건설,10,0,9,추가 공식 IR 조사 필요; 미공개로 단정하지 않음
047050,포스코인터내셔널,1,0,0,추가 공식 IR 조사 필요; 미공개로 단정하지 않음
047810,한국항공우주,1,0,0,추가 공식 IR 조사 필요; 미공개로 단정하지 않음
048870,시너지이노베이션,9,0,7,추가 공식 IR 조사 필요; 미공개로 단정하지 않음
049430,코메론,9,0,7,추가 공식 IR 조사 필요; 미공개로 단정하지 않음
049630,재영솔루텍,3,0,2,추가 공식 IR 조사 필요; 미공개로 단정하지 않음
049950,미래컴퍼니,10,0,9,추가 공식 IR 조사 필요; 미공개로 단정하지 않음
051160,지어소프트,10,0,9,추가 공식 IR 조사 필요; 미공개로 단정하지 않음
051370,인터플렉스,10,0,9,추가 공식 IR 조사 필요; 미공개로 단정하지 않음
051600,한전KPS,20,0,18,추가 공식 IR 조사 필요; 미공개로 단정하지 않음
052460,아이크래프트,9,0,7,추가 공식 IR 조사 필요; 미공개로 단정하지 않음
053030,바이넥스,10,0,9,추가 공식 IR 조사 필요; 미공개로 단정하지 않음
053080,케이엔솔,10,0,9,추가 공식 IR 조사 필요; 미공개로 단정하지 않음
053300,한국정보인증,6,0,3,추가 공식 IR 조사 필요; 미공개로 단정하지 않음
053350,이니텍,2,0,1,추가 공식 IR 조사 필요; 미공개로 단정하지 않음
053690,한미글로벌,10,0,9,추가 공식 IR 조사 필요; 미공개로 단정하지 않음
056190,SFA,20,10,18,확보 분기만 검증; 모든 분기 확보 아님
058970,엠로,10,0,9,추가 공식 IR 조사 필요; 미공개로 단정하지 않음
059090,미코,6,0,4,추가 공식 IR 조사 필요; 미공개로 단정하지 않음
059210,메타바이오메드,7,0,5,추가 공식 IR 조사 필요; 미공개로 단정하지 않음
060370,LS마린솔루션,10,0,9,추가 공식 IR 조사 필요; 미공개로 단정하지 않음
062040,산일전기,8,0,7,추가 공식 IR 조사 필요; 미공개로 단정하지 않음
062970,한국첨단소재,10,0,8,추가 공식 IR 조사 필요; 미공개로 단정하지 않음
064290,인텍플러스,10,0,9,추가 공식 IR 조사 필요; 미공개로 단정하지 않음
064350,현대로템,10,0,9,추가 공식 IR 조사 필요; 미공개로 단정하지 않음
064400,LG씨엔에스,7,0,6,추가 공식 IR 조사 필요; 미공개로 단정하지 않음
064760,티씨케이,10,0,9,추가 공식 IR 조사 필요; 미공개로 단정하지 않음
064820,케이프,10,0,9,추가 공식 IR 조사 필요; 미공개로 단정하지 않음
065710,서호전기,10,0,9,추가 공식 IR 조사 필요; 미공개로 단정하지 않음
066970,엘앤에프,10,0,9,추가 공식 IR 조사 필요; 미공개로 단정하지 않음
067280,멀티캠퍼스,8,0,5,추가 공식 IR 조사 필요; 미공개로 단정하지 않음
067390,아스트,19,0,17,추가 공식 IR 조사 필요; 미공개로 단정하지 않음
068790,DMS,1,0,0,추가 공식 IR 조사 필요; 미공개로 단정하지 않음
069510,에스텍,10,0,9,추가 공식 IR 조사 필요; 미공개로 단정하지 않음
069540,빛과전자,10,0,8,추가 공식 IR 조사 필요; 미공개로 단정하지 않음
070960,모나용평,10,0,7,추가 공식 IR 조사 필요; 미공개로 단정하지 않음
071280,로체시스템즈,10,0,9,추가 공식 IR 조사 필요; 미공개로 단정하지 않음
071970,HD현대마린엔진,8,0,5,추가 공식 IR 조사 필요; 미공개로 단정하지 않음
073010,케이에스피,10,0,9,추가 공식 IR 조사 필요; 미공개로 단정하지 않음
075580,세진중공업,10,0,9,추가 공식 IR 조사 필요; 미공개로 단정하지 않음
077360,덕산하이메탈,20,0,18,추가 공식 IR 조사 필요; 미공개로 단정하지 않음
077500,유니퀘스트,2,0,1,추가 공식 IR 조사 필요; 미공개로 단정하지 않음
077970,STX엔진,10,0,9,추가 공식 IR 조사 필요; 미공개로 단정하지 않음
078000,텔코웨어,10,0,9,추가 공식 IR 조사 필요; 미공개로 단정하지 않음
078150,HB테크놀러지,10,3,7,확보 분기만 검증; 모든 분기 확보 아님
079160,CJ CGV,7,0,6,추가 공식 IR 조사 필요; 미공개로 단정하지 않음
079370,제우스,10,0,9,추가 공식 IR 조사 필요; 미공개로 단정하지 않음
079550,LIG디펜스앤에어로스페이스,11,0,9,추가 공식 IR 조사 필요; 미공개로 단정하지 않음
080220,제주반도체,10,0,9,추가 공식 IR 조사 필요; 미공개로 단정하지 않음
082740,한화엔진,10,0,9,추가 공식 IR 조사 필요; 미공개로 단정하지 않음
082920,비츠로셀,1,0,0,추가 공식 IR 조사 필요; 미공개로 단정하지 않음
083310,엘오티베큠,9,0,7,추가 공식 IR 조사 필요; 미공개로 단정하지 않음
083450,GST,10,0,9,추가 공식 IR 조사 필요; 미공개로 단정하지 않음
083500,에프엔에스테크,10,0,9,추가 공식 IR 조사 필요; 미공개로 단정하지 않음
083650,비에이치아이,10,0,9,추가 공식 IR 조사 필요; 미공개로 단정하지 않음
083930,아바코,10,0,9,추가 공식 IR 조사 필요; 미공개로 단정하지 않음
086390,유니테스트,4,0,1,추가 공식 IR 조사 필요; 미공개로 단정하지 않음
086890,이수앱지스,10,0,8,추가 공식 IR 조사 필요; 미공개로 단정하지 않음
086960,MDS테크,10,0,9,추가 공식 IR 조사 필요; 미공개로 단정하지 않음
088130,동아엘텍,10,0,9,추가 공식 IR 조사 필요; 미공개로 단정하지 않음
089030,테크윙,10,0,9,추가 공식 IR 조사 필요; 미공개로 단정하지 않음
089890,코세스,10,0,9,추가 공식 IR 조사 필요; 미공개로 단정하지 않음
090350,노루페인트,8,0,5,추가 공식 IR 조사 필요; 미공개로 단정하지 않음
091440,한울소재과학,10,0,9,추가 공식 IR 조사 필요; 미공개로 단정하지 않음
092460,한라IMS,12,0,5,추가 공식 IR 조사 필요; 미공개로 단정하지 않음
092870,엑시콘,8,0,6,추가 공식 IR 조사 필요; 미공개로 단정하지 않음
094820,일진파워,10,0,9,추가 공식 IR 조사 필요; 미공개로 단정하지 않음
095610,테스,9,0,5,추가 공식 IR 조사 필요; 미공개로 단정하지 않음
097230,HJ중공업,19,0,17,추가 공식 IR 조사 필요; 미공개로 단정하지 않음
098070,한텍,3,0,0,추가 공식 IR 조사 필요; 미공개로 단정하지 않음
099320,쎄트렉아이,10,0,9,추가 공식 IR 조사 필요; 미공개로 단정하지 않음
099440,스맥,10,0,9,추가 공식 IR 조사 필요; 미공개로 단정하지 않음
099750,이지케어텍,10,0,9,추가 공식 IR 조사 필요; 미공개로 단정하지 않음
100090,SK오션플랜트,10,0,9,추가 공식 IR 조사 필요; 미공개로 단정하지 않음
100840,SNT에너지,9,9,7,확보 분기만 검증; 모든 분기 확보 아님
101930,인화정공,10,0,8,추가 공식 IR 조사 필요; 미공개로 단정하지 않음
101970,우양에이치씨,10,0,8,추가 공식 IR 조사 필요; 미공개로 단정하지 않음
102260,동성케미컬,10,0,3,추가 공식 IR 조사 필요; 미공개로 단정하지 않음
103140,풍산,3,0,2,추가 공식 IR 조사 필요; 미공개로 단정하지 않음
103590,일진전기,10,0,9,추가 공식 IR 조사 필요; 미공개로 단정하지 않음
105840,우진,10,0,9,추가 공식 IR 조사 필요; 미공개로 단정하지 않음
106190,하이텍팜,10,0,9,추가 공식 IR 조사 필요; 미공개로 단정하지 않음
107640,한중엔시에스,6,0,5,추가 공식 IR 조사 필요; 미공개로 단정하지 않음
108230,톱텍,9,0,8,추가 공식 IR 조사 필요; 미공개로 단정하지 않음
108380,대양전기공업,10,0,7,추가 공식 IR 조사 필요; 미공개로 단정하지 않음
108860,셀바스AI,10,0,9,추가 공식 IR 조사 필요; 미공개로 단정하지 않음
109740,디에스케이,10,0,9,추가 공식 IR 조사 필요; 미공개로 단정하지 않음
110990,디아이티,10,0,9,추가 공식 IR 조사 필요; 미공개로 단정하지 않음
112610,씨에스윈드,10,0,9,추가 공식 IR 조사 필요; 미공개로 단정하지 않음
114190,강원에너지,10,0,9,추가 공식 IR 조사 필요; 미공개로 단정하지 않음
115450,HLB테라퓨틱스,8,0,6,추가 공식 IR 조사 필요; 미공개로 단정하지 않음
115500,케이씨에스,10,0,9,추가 공식 IR 조사 필요; 미공개로 단정하지 않음
124500,아이티센글로벌,10,0,9,추가 공식 IR 조사 필요; 미공개로 단정하지 않음
126700,하이비젼시스템,10,0,9,추가 공식 IR 조사 필요; 미공개로 단정하지 않음
127120,제이에스링크,9,0,6,추가 공식 IR 조사 필요; 미공개로 단정하지 않음
129920,대성하이텍,10,0,9,추가 공식 IR 조사 필요; 미공개로 단정하지 않음
131290,티에스이,10,0,9,추가 공식 IR 조사 필요; 미공개로 단정하지 않음
136150,원일티엔아이,5,0,4,추가 공식 IR 조사 필요; 미공개로 단정하지 않음
138080,오이솔루션,10,0,9,추가 공식 IR 조사 필요; 미공개로 단정하지 않음
138360,앤로보틱스,10,0,9,추가 공식 IR 조사 필요; 미공개로 단정하지 않음
139480,이마트,10,0,9,추가 공식 IR 조사 필요; 미공개로 단정하지 않음
140670,알에스오토메이션,10,0,9,추가 공식 IR 조사 필요; 미공개로 단정하지 않음
140860,파크시스템스,10,6,9,확보 분기만 검증; 모든 분기 확보 아님
141000,비아트론,10,0,9,추가 공식 IR 조사 필요; 미공개로 단정하지 않음
142280,녹십자엠에스,1,0,0,추가 공식 IR 조사 필요; 미공개로 단정하지 않음
147830,제룡산업,10,0,9,추가 공식 IR 조사 필요; 미공개로 단정하지 않음
151860,KG에코솔루션,10,0,8,추가 공식 IR 조사 필요; 미공개로 단정하지 않음
161580,필옵틱스,10,0,9,추가 공식 IR 조사 필요; 미공개로 단정하지 않음
163730,핑거,10,0,9,추가 공식 IR 조사 필요; 미공개로 단정하지 않음
166480,코아스템켐온,10,0,7,추가 공식 IR 조사 필요; 미공개로 단정하지 않음
170920,엘티씨,7,0,3,추가 공식 IR 조사 필요; 미공개로 단정하지 않음
171090,선익시스템,10,0,9,추가 공식 IR 조사 필요; 미공개로 단정하지 않음
173130,오파스넷,10,0,9,추가 공식 IR 조사 필요; 미공개로 단정하지 않음
179290,엠아이텍,10,0,9,추가 공식 IR 조사 필요; 미공개로 단정하지 않음
182360,큐브엔터,10,0,9,추가 공식 IR 조사 필요; 미공개로 단정하지 않음
187660,페니트리움바이오,10,0,9,추가 공식 IR 조사 필요; 미공개로 단정하지 않음
187790,나노,10,0,9,추가 공식 IR 조사 필요; 미공개로 단정하지 않음
189300,인텔리안테크,7,0,1,추가 공식 IR 조사 필요; 미공개로 단정하지 않음
189330,씨이랩,9,0,7,추가 공식 IR 조사 필요; 미공개로 단정하지 않음
196170,알테오젠,1,0,0,추가 공식 IR 조사 필요; 미공개로 단정하지 않음
199820,제일일렉트릭,10,0,9,추가 공식 IR 조사 필요; 미공개로 단정하지 않음
204320,HL만도,10,0,9,추가 공식 IR 조사 필요; 미공개로 단정하지 않음
206650,유바이오로직스,10,0,9,추가 공식 IR 조사 필요; 미공개로 단정하지 않음
207940,삼성바이오로직스,10,0,8,추가 공식 IR 조사 필요; 미공개로 단정하지 않음
209640,와이제이링크,2,0,1,추가 공식 IR 조사 필요; 미공개로 단정하지 않음
211270,AP위성,10,0,9,추가 공식 IR 조사 필요; 미공개로 단정하지 않음
212560,네오오토,9,0,8,추가 공식 IR 조사 필요; 미공개로 단정하지 않음
213420,덕산네오룩스,6,0,5,추가 공식 IR 조사 필요; 미공개로 단정하지 않음
213500,한솔제지,10,0,9,추가 공식 IR 조사 필요; 미공개로 단정하지 않음
214430,아이쓰리시스템,10,0,9,추가 공식 IR 조사 필요; 미공개로 단정하지 않음
217190,제너셈,10,0,7,추가 공식 IR 조사 필요; 미공개로 단정하지 않음
217730,강스템바이오텍,1,0,0,추가 공식 IR 조사 필요; 미공개로 단정하지 않음
217820,원익피앤이,8,0,7,추가 공식 IR 조사 필요; 미공개로 단정하지 않음
218410,RFHIC,10,0,8,추가 공식 IR 조사 필요; 미공개로 단정하지 않음
220100,퓨쳐켐,1,0,0,추가 공식 IR 조사 필요; 미공개로 단정하지 않음
222080,SFA넥셀,10,7,6,확보 분기만 검증; 모든 분기 확보 아님
222800,심텍,10,0,9,추가 공식 IR 조사 필요; 미공개로 단정하지 않음
230240,에치에프알,10,9,8,확보 분기만 검증; 모든 분기 확보 아님
232140,와이씨,4,0,2,추가 공식 IR 조사 필요; 미공개로 단정하지 않음
232680,라온로보틱스,10,0,9,추가 공식 IR 조사 필요; 미공개로 단정하지 않음
240810,원익IPS,10,0,9,추가 공식 IR 조사 필요; 미공개로 단정하지 않음
250060,모비스,7,0,5,추가 공식 IR 조사 필요; 미공개로 단정하지 않음
253590,네오셈,10,0,2,추가 공식 IR 조사 필요; 미공개로 단정하지 않음
255440,야스,8,0,3,추가 공식 IR 조사 필요; 미공개로 단정하지 않음
256840,한국비엔씨,9,0,8,추가 공식 IR 조사 필요; 미공개로 단정하지 않음
256940,킵스파마,5,0,4,추가 공식 IR 조사 필요; 미공개로 단정하지 않음
259630,엠플러스,10,0,9,추가 공식 IR 조사 필요; 미공개로 단정하지 않음
264450,유비쿼스,10,0,9,추가 공식 IR 조사 필요; 미공개로 단정하지 않음
264660,씨앤지하이테크,8,0,6,추가 공식 IR 조사 필요; 미공개로 단정하지 않음
265520,AP시스템,10,0,9,추가 공식 IR 조사 필요; 미공개로 단정하지 않음
267260,HD현대일렉트릭,20,10,18,확보 분기만 검증; 모든 분기 확보 아님
267850,아시아나IDT,10,0,2,추가 공식 IR 조사 필요; 미공개로 단정하지 않음
270660,에브리봇,1,0,0,추가 공식 IR 조사 필요; 미공개로 단정하지 않음
272210,한화시스템,10,0,9,추가 공식 IR 조사 필요; 미공개로 단정하지 않음
282880,코윈로보틱스,13,1,8,확보 분기만 검증; 모든 분기 확보 아님
285130,SK케미칼,10,0,9,추가 공식 IR 조사 필요; 미공개로 단정하지 않음
286940,롯데이노베이트,10,0,9,추가 공식 IR 조사 필요; 미공개로 단정하지 않음
290690,아리바이오홀딩스,10,0,9,추가 공식 IR 조사 필요; 미공개로 단정하지 않음
293480,하나제약,7,0,5,추가 공식 IR 조사 필요; 미공개로 단정하지 않음
294570,쿠콘,2,0,1,추가 공식 IR 조사 필요; 미공개로 단정하지 않음
294870,IPARK현대산업개발,10,0,9,추가 공식 IR 조사 필요; 미공개로 단정하지 않음
295310,에이치브이엠,9,0,8,추가 공식 IR 조사 필요; 미공개로 단정하지 않음
297890,HB솔루션,10,0,9,추가 공식 IR 조사 필요; 미공개로 단정하지 않음
299030,하나기술,9,0,7,추가 공식 IR 조사 필요; 미공개로 단정하지 않음
300720,한일시멘트,6,0,4,추가 공식 IR 조사 필요; 미공개로 단정하지 않음
302440,SK바이오사이언스,10,0,9,추가 공식 IR 조사 필요; 미공개로 단정하지 않음
303810,동국생명과학,7,0,6,추가 공식 IR 조사 필요; 미공개로 단정하지 않음
304100,솔트룩스,9,0,5,추가 공식 IR 조사 필요; 미공개로 단정하지 않음
306200,세아제강,8,0,6,추가 공식 IR 조사 필요; 미공개로 단정하지 않음
307180,아이엘,9,0,8,추가 공식 IR 조사 필요; 미공개로 단정하지 않음
307870,비투엔,9,0,6,추가 공식 IR 조사 필요; 미공개로 단정하지 않음
307950,현대오토에버,10,0,9,추가 공식 IR 조사 필요; 미공개로 단정하지 않음
314130,지놈앤컴퍼니,10,0,9,추가 공식 IR 조사 필요; 미공개로 단정하지 않음
319400,현대무벡스,10,0,9,추가 공식 IR 조사 필요; 미공개로 단정하지 않음
321370,센서뷰,8,0,7,추가 공식 IR 조사 필요; 미공개로 단정하지 않음
321550,티움바이오,10,0,9,추가 공식 IR 조사 필요; 미공개로 단정하지 않음
322000,HD현대에너지솔루션,10,0,8,추가 공식 IR 조사 필요; 미공개로 단정하지 않음
322180,LS티라유텍,23,0,15,추가 공식 IR 조사 필요; 미공개로 단정하지 않음
322510,제이엘케이,10,0,9,추가 공식 IR 조사 필요; 미공개로 단정하지 않음
323280,태성,8,0,7,추가 공식 IR 조사 필요; 미공개로 단정하지 않음
328130,루닛,19,0,10,추가 공식 IR 조사 필요; 미공개로 단정하지 않음
329180,HD현대중공업,10,0,9,추가 공식 IR 조사 필요; 미공개로 단정하지 않음
333430,일승,10,0,9,추가 공식 IR 조사 필요; 미공개로 단정하지 않음
334970,프레스티지바이오로직스,13,0,10,추가 공식 IR 조사 필요; 미공개로 단정하지 않음
338220,뷰노,10,0,9,추가 공식 IR 조사 필요; 미공개로 단정하지 않음
344820,케이씨씨글라스,10,0,9,추가 공식 IR 조사 필요; 미공개로 단정하지 않음
347700,스피어,5,0,4,추가 공식 IR 조사 필요; 미공개로 단정하지 않음
348210,넥스틴,9,5,7,확보 분기만 검증; 모든 분기 확보 아님
348350,위드텍,10,0,9,추가 공식 IR 조사 필요; 미공개로 단정하지 않음
351320,넥사다이내믹스,10,0,9,추가 공식 IR 조사 필요; 미공개로 단정하지 않음
353200,대덕전자,10,0,9,추가 공식 IR 조사 필요; 미공개로 단정하지 않음
356860,티엘비,10,0,9,추가 공식 IR 조사 필요; 미공개로 단정하지 않음
361390,제노코,10,0,9,추가 공식 IR 조사 필요; 미공개로 단정하지 않음
372170,윤성에프앤씨,10,0,9,추가 공식 IR 조사 필요; 미공개로 단정하지 않음
375500,DL이앤씨,4,0,0,추가 공식 IR 조사 필요; 미공개로 단정하지 않음
376900,로킷헬스케어,3,0,0,추가 공식 IR 조사 필요; 미공개로 단정하지 않음
378340,필에너지,10,0,9,추가 공식 IR 조사 필요; 미공개로 단정하지 않음
380550,뉴로핏,5,0,4,추가 공식 IR 조사 필요; 미공개로 단정하지 않음
382800,지앤비에스 에코,4,0,2,추가 공식 IR 조사 필요; 미공개로 단정하지 않음
383310,에코프로에이치엔,10,0,9,추가 공식 IR 조사 필요; 미공개로 단정하지 않음
388050,지투파워,9,0,7,추가 공식 IR 조사 필요; 미공개로 단정하지 않음
388720,유일로보틱스,3,0,2,추가 공식 IR 조사 필요; 미공개로 단정하지 않음
388790,라이콤,10,0,9,추가 공식 IR 조사 필요; 미공개로 단정하지 않음
389020,자람테크놀로지,10,0,9,추가 공식 IR 조사 필요; 미공개로 단정하지 않음
389260,대명에너지,10,0,9,추가 공식 IR 조사 필요; 미공개로 단정하지 않음
389470,인벤티지랩,5,0,4,추가 공식 IR 조사 필요; 미공개로 단정하지 않음
389500,에스비비테크,10,0,9,추가 공식 IR 조사 필요; 미공개로 단정하지 않음
394800,쓰리빌리언,6,0,1,추가 공식 IR 조사 필요; 미공개로 단정하지 않음
396300,HT로보틱스,10,0,9,추가 공식 IR 조사 필요; 미공개로 단정하지 않음
399720,가온칩스,5,0,4,추가 공식 IR 조사 필요; 미공개로 단정하지 않음
402030,코난테크놀로지,10,0,9,추가 공식 IR 조사 필요; 미공개로 단정하지 않음
417840,저스템,0,10,0,확보 분기만 검증; 모든 분기 확보 아님
418550,제이오,10,0,9,추가 공식 IR 조사 필요; 미공개로 단정하지 않음
419050,삼기에너지솔루션즈,10,0,9,추가 공식 IR 조사 필요; 미공개로 단정하지 않음
420770,기가비스,6,3,5,확보 분기만 검증; 모든 분기 확보 아님
440110,파두,9,0,8,추가 공식 IR 조사 필요; 미공개로 단정하지 않음
443060,HD현대마린솔루션,9,0,8,추가 공식 IR 조사 필요; 미공개로 단정하지 않음
443670,에스피소프트,10,0,9,추가 공식 IR 조사 필요; 미공개로 단정하지 않음
445090,에이직랜드,7,0,4,추가 공식 IR 조사 필요; 미공개로 단정하지 않음
445680,큐리옥스바이오시스템즈,10,0,9,추가 공식 IR 조사 필요; 미공개로 단정하지 않음
448280,에코아이,10,0,9,추가 공식 IR 조사 필요; 미공개로 단정하지 않음
448900,한국피아이엠,7,0,6,추가 공식 IR 조사 필요; 미공개로 단정하지 않음
452190,한빛레이저,10,0,9,추가 공식 IR 조사 필요; 미공개로 단정하지 않음
452450,피아이이,7,0,5,추가 공식 IR 조사 필요; 미공개로 단정하지 않음
456010,아이씨티케이,10,0,9,추가 공식 IR 조사 필요; 미공개로 단정하지 않음
457550,우진엔텍,1,0,0,추가 공식 IR 조사 필요; 미공개로 단정하지 않음
460860,동국제강,10,0,7,추가 공식 IR 조사 필요; 미공개로 단정하지 않음
460930,현대힘스,10,0,9,추가 공식 IR 조사 필요; 미공개로 단정하지 않음
462350,이노스페이스,12,0,10,추가 공식 IR 조사 필요; 미공개로 단정하지 않음
464080,에스오에스랩,9,0,8,추가 공식 IR 조사 필요; 미공개로 단정하지 않음
474170,루미르,7,0,6,추가 공식 IR 조사 필요; 미공개로 단정하지 않음
474610,RF시스템즈,7,0,6,추가 공식 IR 조사 필요; 미공개로 단정하지 않음
475150,SK이터닉스,10,0,9,추가 공식 IR 조사 필요; 미공개로 단정하지 않음
475230,엔알비,4,0,2,추가 공식 IR 조사 필요; 미공개로 단정하지 않음
475400,씨메스로보틱스,7,0,6,추가 공식 IR 조사 필요; 미공개로 단정하지 않음
475580,에이럭스,7,0,5,추가 공식 IR 조사 필요; 미공개로 단정하지 않음
475960,토모큐브,5,1,4,확보 분기만 검증; 모든 분기 확보 아님
484870,엠앤씨솔루션,6,0,4,추가 공식 IR 조사 필요; 미공개로 단정하지 않음
489790,한화비전,8,0,7,추가 공식 IR 조사 필요; 미공개로 단정하지 않음
950210,프레스티지바이오파마,10,0,7,추가 공식 IR 조사 필요; 미공개로 단정하지 않음
